ID,ANO,OP,PARTIDO,ENVOLVIDOS,JUIZ,ORGAO
1,2003,Operação Águia (Polícia Federal)(13 de junho),PT,,Marcelo Bretas,
2,2003,Operação Sucuri (7 de dezembro),PT,,Marcelo Bretas,
3,2003,Operação Nicotina II (3 de setembro),PT,,Marcelo Bretas,
4,2003,Operação Planador (6 de agosto),PT,,Marcelo Bretas,
5,2003,Operação Trânsito Livre (9 de dezembro),PT,,Marcelo Bretas,
6,2003,Operação Praga do Egito ou Gafanhoto (26 de novembro),PT,,Marcelo Bretas,
7,2003,Operação Cavalo de Troia (5 de novembro),PT,,Marcelo Bretas,
8,2003,Operação Anaconda (30 de outubro),PT,,Marcelo Bretas,
9,2003,Operação Concha Branca (15 de setembro),PT,,Marcelo Bretas,
10,2003,Operação Setembro Negro (18 de setembro),PT,,Marcelo Bretas,
11,2003,Operação Drake (2 de setembro),PT,,Marcelo Bretas,
12,2003,Operação Garça (28 de agosto),PT,,Marcelo Bretas,
13,2003,Operação Tempestade no Oeste(29 de outubro),PT,,Marcelo Bretas,
14,2003,Operação Medusa (30 de outubro),PT,,Marcelo Bretas,
15,2003,Operação Paz no Campo (14 de outubro),PT,,Marcelo Bretas,
16,2003,Operação Lince (13 de novembro),PT,,Marcelo Bretas,
17,2004,Operação Feliz (22 de janeiro),PT,,Marcelo Bretas,
18,2004,Operação ANIVERSARIO (3 de fevereiro),PT,,Marcelo Bretas,
19,2004,Operação Fraude Zero (10 de fevereiro),PT,,Marcelo Bretas,
20,2004,Operação Soro (5 de março),PT,,Marcelo Bretas,
21,2004,Operação Pandora (19 de março),PT,,Marcelo Bretas,
22,2004,Operação Matusalém (15 de abril),PT,,Marcelo Bretas,
23,2004,Operação Mamoré (20 de abril),PT,,Marcelo Bretas,
24,2004,Operação Barrilha (26 de abril),PT,,Marcelo Bretas,
25,2004,Operação Pindorama (13 de maio),PT,,Marcelo Bretas,
26,2004,[[Operação Gord'ao seduction ] (29 de maio),PT,,Marcelo Bretas,
27,2004,Operação Shogun (1 de junho),PT,,Marcelo Bretas,
28,2004,Operação Rosa dos Ventos (5 de junho),PT,,Marcelo Bretas,
29,2004,Operação Tamar (19 de junho),PT,,Marcelo Bretas,
30,2004,Operação Lince II (23 de junho),PT,,Marcelo Bretas,
31,2004,Operação Pensacola (23 de junho),PT,,Marcelo Bretas,
32,2004,Operação Caso Unaí (27 de julho),PT,,Marcelo Bretas,
33,2004,Operação Orcrim Esa (5 de agosto),PT,,Marcelo Bretas,
34,2004,Operação Zumbi (6 de agosto),PT,,Marcelo Bretas,
35,2004,Operação Albatroz (10 de agosto),PT,,Marcelo Bretas,
36,2004,Operação Farol da Colina (17 de agosto),PT,,Marcelo Bretas,
37,2004,Operação Cavalo de Troia II (20 de outubro),PT,,Marcelo Bretas,
38,2004,Operação Pardal (25 de outubro),PT,,Marcelo Bretas,
39,2004,Operação Mucuripe (25 de outubro),PT,,Marcelo Bretas,
40,2004,Operação Chacal (13 de dezembro),PT,,Marcelo Bretas,
41,2004,Operação Pororoca (4 de novembro),PT,,Marcelo Bretas,
42,2004,Operação Capela (5 de novembro),PT,,Marcelo Bretas,
43,2004,Operação Poeira no Asfalto (8 de novembro),PT,,Marcelo Bretas,
44,2004,Operação Cataratas (8 de novembro),PT,,Marcelo Bretas,
45,2004,Operação Midas (10 de novembro),PT,,Marcelo Bretas,
46,2004,Operação Catuaba (12 de novembro),PT,,Marcelo Bretas,
47,2004,Operação Faraó (18 de novembro),PT,,Marcelo Bretas,
48,2004,Operação Águia II,PT,,Marcelo Bretas,
49,2004,Operação São José dos Campos(24 de novembro),PT,,Marcelo Bretas,
50,2004,Operação Mascates (29 de novembro),PT,,Marcelo Bretas,
51,2004,Operação Perseu (1 de dezembro),PT,,Marcelo Bretas,
52,2004,Operação Sentinela (2 de dezembro),PT,,Marcelo Bretas,
53,2004,Operação Castelo (3 de dezembro),PT,,Marcelo Bretas,
54,2004,Operação Faroeste (7 de dezembro),PT,,Marcelo Bretas,
55,2004,Operação Mar Azul (7 de dezembro),PT,,Marcelo Bretas,
56,2004,Operação Cavalo de Aço (7 de dezembro),PT,,Marcelo Bretas,
57,2004,Operação Saia Justa (13 de dezembro),PT,,Marcelo Bretas,
58,2004,Operação Fênix (15 de dezembro),PT,,Marcelo Bretas,
59,2005,Operação Alcatéia (14 de janeiro),PT,,Marcelo Bretas,
60,2005,Operação AshCatium (27 de janeiro),PT,,Marcelo Bretas,
61,2005,Operação Predador (28 de janeiro),PT,,Marcelo Bretas,
62,2005,Operação Petisco (2 de fevereiro),PT,,Marcelo Bretas,
63,2005,Operação Pretorium (10 de fevereiro),PT,,Marcelo Bretas,
64,2005,Operação Big Brother (15 de fevereiro),PT,,Marcelo Bretas,
65,2005,Operação Clone (16 de fevereiro),PT,,Marcelo Bretas,
66,2005,Operação Terra Nostra (17 de fevereiro),PT,,Marcelo Bretas,
67,2005,Operação Caronte (18 de fevereiro),PT,,Marcelo Bretas,
68,2005,Operação Negro Cueca (20 de fevereiro),PT,,Marcelo Bretas,
69,2005,Operação Ajuste Fiscal (24 de fevereiro),PT,,Marcelo Bretas,
70,2005,Operação Dragão (18 de março),PT,,Marcelo Bretas,
71,2005,Operação Buritis (31 de março),PT,,Marcelo Bretas,
72,2005,Operação Março Branco (5 de abril),PT,,Marcelo Bretas,
73,2005,Operação Tango (11 de abril),PT,,Marcelo Bretas,
74,2005,Operação Castanhola (14 de abril),PT,,Marcelo Bretas,
75,2005,Operação Hidra (4 de maio),PT,,Marcelo Bretas,
76,2005,Operação Gabiru (17 de maio),PT,,Marcelo Bretas,
77,2005,Operação Spectro (31 de maio),PT,,Marcelo Bretas,
78,2005,Operação Curupira (2 de junho),PT,,Marcelo Bretas,
79,2005,Operação Anjo da Guarda (7 de junho),PT,,Marcelo Bretas,
80,2005,Operação Panorama (8 de junho),PT,,Marcelo Bretas,
81,2005,Operação Cevada (junho),PT,,Marcelo Bretas,
82,2005,Operação Tentáculos (16 de junho),PT,,Marcelo Bretas,
83,2005,Operação Tâmara (17 de junho),PT,,Marcelo Bretas,
84,2005,Operação Mercúrio (27 de junho),PT,,Marcelo Bretas,
85,2005,Operação Monte Éden (30 de junho),PT,,Marcelo Bretas,
86,2005,Operação Narciso (14 de julho),PT,,Marcelo Bretas,
87,2005,Operação Confraria (21 de julho),PT,,Marcelo Bretas,
88,2005,Operação Lion Tech (3 de agosto),PT,,Marcelo Bretas,
89,2005,Operação Falsário (4 de agosto),PT,,Marcelo Bretas,
90,2005,Operação Macunaíma (5 de agosto),PT,,Marcelo Bretas,
91,2005,Operação Babilônia (5 de agosto),PT,,Marcelo Bretas,
92,2005,Operação Matinta Perêra (5 de agosto),PT,,Marcelo Bretas,
93,2005,Operação Encaixe (11 de agosto),PT,,Marcelo Bretas,
94,2005,Operação Caá-Ete (15 de agosto),PT,,Marcelo Bretas,
95,2005,Operação Curupira II (18 de agosto),PT,,Marcelo Bretas,
96,2005,Operação Serraluz (22 de agosto),PT,,Marcelo Bretas,
97,2005,Operação Pégasus (25 de agosto),PT,,Marcelo Bretas,
98,2005,Operação Roupa Suja (22 de agosto),PT,,Marcelo Bretas,
99,2005,Operação Trevo (31 de agosto),PT,,Marcelo Bretas,
100,2005,Operação Anjo da Guarda II (31 de agosto),PT,,Marcelo Bretas,
101,2005,Operação Fronteira Legal (30 de agosto),PT,,Marcelo Bretas,
102,2005,Operação Mercado Negro (1 de agosto),PT,,Marcelo Bretas,
103,2005,Operação Tentáculos III (6 de setembro),PT,,Marcelo Bretas,
104,2005,Operação Bye Bye Brasil (14 de setembro),PT,,Marcelo Bretas,
105,2005,Operação Canaã e Overbox (14 de setembro),PT,,Marcelo Bretas,
106,2005,Operação Trevo II (22 de setembro),PT,,Marcelo Bretas,
107,2005,Operação Dublê (5 de outubro),PT,,Marcelo Bretas,
108,2005,Operação Mandrake (6 de outubro),PT,,Marcelo Bretas,
109,2005,Operação Pedra Bonita (7 de outubro),PT,,Marcelo Bretas,
110,2005,Operação Bloqueio (5 de outubro),PT,,Marcelo Bretas,
111,2005,Operação Campus Limpo (18 de outubro),PT,,Marcelo Bretas,
112,2005,Operação Ouro Verde (26 de outubro),PT,,Marcelo Bretas,
113,2005,Operação Argus (1 de novembro),PT,,Marcelo Bretas,
114,2005,Operação Corona (2 de novembro),PT,,Marcelo Bretas,
115,2005,Operação Êxodo (3 de novembro),PT,,Marcelo Bretas,
116,2005,Operação Plata (4 de novembro),PT,,Marcelo Bretas,
117,2005,Operação Centurião (10 de novembro),PT,,Marcelo Bretas,
118,2005,Operação Rio Pardo (novembro),PT,,Marcelo Bretas,
119,2005,Operação Ponto Com (dezembro),PT,,Marcelo Bretas,
120,2005,Operação Canil (6 de dezembro),PT,,Marcelo Bretas,
121,2005,Operação Breakdown (6 de dezembro),PT,,Marcelo Bretas,
122,2005,Operação Firula (8 de dezembro),PT,,Marcelo Bretas,
123,2005,Operação Anfíbio (13 de dezembro),PT,,Marcelo Bretas,
124,2005,Operação Trinca Ferro (14 de dezembro),PT,,Marcelo Bretas,
125,2005,Operação Crepúsculo (17 de dezembro),PT,,Marcelo Bretas,
126,2006,Operação Cruz Vermelha (11 de janeiro),PT,,Marcelo Bretas,
127,2006,Operação Decadência Total (20 de janeiro),PT,,Marcelo Bretas,
128,2006,Operação Capitão Gancho II (26 de janeiro),PT,,Marcelo Bretas,
129,2006,Operação Ilha da Fantasia (28 e 29 de janeiro),PT,,Marcelo Bretas,
130,2006,Operação Águas Seguras (21 e 22 de janeiro),PT,,Marcelo Bretas,
131,2006,Operação Cangaço (25 de janeiro),PT,,Marcelo Bretas,
132,2006,Operação Coqueiro (26 de janeiro),PT,,Marcelo Bretas,
133,2006,Operação Araripe (26 de janeiro),PT,,Marcelo Bretas,
134,2006,Operação 3x1 (6 de fevereiro),PT,,Marcelo Bretas,
135,2006,Operação Toga (7 de fevereiro),PT,,Marcelo Bretas,
136,2006,Operação Tic-Tac (8 de fevereiro),PT,,Marcelo Bretas,
137,2006,Operação Cegonha (9 de fevereiro),PT,,Marcelo Bretas,
138,2006,Operação Carbono (10 de fevereiro),PT,,Marcelo Bretas,
139,2006,Operação TM (10 de fevereiro),PT,,Marcelo Bretas,
140,2006,Operação Scan (14 de fevereiro),PT,,Marcelo Bretas,
141,2006,Operação Brother (15 de fevereiro),PT,,Marcelo Bretas,
142,2006,Operação Azahar (22 de fevereiro),PT,,Marcelo Bretas,
143,2006,Operação Câmbio (22 de fevereiro),PT,,Marcelo Bretas,
144,2006,Operação Xeque-Mate (23 de fevereiro),PT,,Marcelo Bretas,
145,2006,Operação Mar Egeu (7 de março),PT,,Marcelo Bretas,
146,2006,Operação Esfinge (9 de fevereiro),PT,,Marcelo Bretas,
147,2006,Operação AshCatium II (2 de agosto),PT,,Marcelo Bretas,
148,2006,Operação Cara de Abraço (15 de agosto),PT,,Marcelo Bretas,
149,2006,Operação Safári (10 de março),PT,,Marcelo Bretas,
150,2006,Operação Mercado Preso (13 de março),PT,,Marcelo Bretas,
151,2006,Operação Cassinos II (14 de março),PT,,Marcelo Bretas,
152,2006,Operação Balaústre (15 de março),PT,,Marcelo Bretas,
153,2006,Operação Doublê (15 de março),PT,,Marcelo Bretas,
154,2006,Operação Cidade Baixa (21 de março),PT,,Marcelo Bretas,
155,2006,Operação Tarantela (21 de março),PT,,Marcelo Bretas,
156,2006,Operação Suíça (21 de março),PT,,Marcelo Bretas,
157,2006,Operação Urutau (22 de março),PT,,Marcelo Bretas,
158,2006,Operação Dissolve (23 de março),PT,,Marcelo Bretas,
159,2006,Operação Fim da Linha (27 de março),PT,,Marcelo Bretas,
160,2006,Operação Tarô (28 de março),PT,,Marcelo Bretas,
161,2006,Operação Boas Vindas II (30 de março),PT,,Marcelo Bretas,
162,2006,Operação Paralelo 251 (4 de abril),PT,,Marcelo Bretas,
163,2006,Operação Cerrado (6 de abril),PT,,Marcelo Bretas,
164,2006,Operação Calouro (9 de abril),PT,,Marcelo Bretas,
165,2006,Operação Galiléia (28 de abril),PT,,Marcelo Bretas,
166,2006,Operação Caloria (26 de abril),PT,,Marcelo Bretas,
167,2006,Operação Piraíba (4 de maio),PT,,Marcelo Bretas,
168,2006,Operação Sanguessuga (9 de maio),PT,,Marcelo Bretas,
169,2006,Operação Pólo (9 de maio),PT,,Marcelo Bretas,
170,2006,Operação Hélios (10 de maio),PT,,Marcelo Bretas,
171,2006,Operação Boneco de Pano (11 de maio),PT,,Marcelo Bretas,
172,2006,Operação Carta Marcada (12 de maio),PT,,Marcelo Bretas,
173,2006,Operação Vidas Secas II (12 de maio),PT,,Marcelo Bretas,
174,2006,Operação Branca de Neve (16 de maio),PT,,Marcelo Bretas,
175,2006,Operação Oceanos Gêmeos Abertura (17 de maio),PT,,Marcelo Bretas,
176,2006,Operação Macunaíma (17 de maio),PT,,Marcelo Bretas,
177,2006,Operação Desmanche,PT,,Marcelo Bretas,
178,2006,Operação Torniquete (19 de maio),PT,,Marcelo Bretas,
179,2006,Operação Senil (22 de maio),PT,,Marcelo Bretas,
180,2006,Operação Castores (23 de maio),PT,,Marcelo Bretas,
181,2006,Operação Bala Doce (25 de maio),PT,,Marcelo Bretas,
182,2006,Operação Escudo (26 de maio),PT,,Marcelo Bretas,
183,2006,Operação Alecto (31 de maio),PT,,Marcelo Bretas,
184,2006,Operação Carro Zero (2 de junho),PT,,Marcelo Bretas,
185,2006,Operação Casa Velha,PT,,Marcelo Bretas,
186,2006,Operação Violeta (6 de junho),PT,,Marcelo Bretas,
187,2006,Operação Charrua (8 de junho),PT,,Marcelo Bretas,
188,2006,Operação Guaru (8 de junho),PT,,Marcelo Bretas,
189,2006,Operação Novo Empate,PT,,Marcelo Bretas,
190,2006,Operação Tibagi (12 de junho),PT,,Marcelo Bretas,
191,2006,Operação Geralda Tocopreto (13 de junho),PT,,Marcelo Bretas,
192,2006,Operação Aroeira,PT,,Marcelo Bretas,
193,2006,Operação Faxina (14 de junho),PT,,Marcelo Bretas,
194,2006,Operação Lusa (18 de junho),PT,,Marcelo Bretas,
195,2006,Operação Depósito (20 de junho),PT,,Marcelo Bretas,
196,2006,Operação Mercador,PT,,Marcelo Bretas,
197,2006,Operação 14 Bis (29 de junho),PT,,Marcelo Bretas,
198,2006,Operação Terra Prometida (30 de junho),PT,,Marcelo Bretas,
199,2006,Operação Artemis,PT,,Marcelo Bretas,
200,2006,Operação Conta Conjunta,PT,,Marcelo Bretas,
201,2006,Operação Nobilis,PT,,Marcelo Bretas,
202,2006,Operação Ícaro,PT,,Marcelo Bretas,
203,2006,Operação Fox,PT,,Marcelo Bretas,
204,2006,Operação Zapatta,PT,,Marcelo Bretas,
205,2006,Operação Cerol,PT,,Marcelo Bretas,
206,2006,Operação Com Dor,PT,,Marcelo Bretas,
207,2006,Operação Mão-de-Obra,PT,,Marcelo Bretas,
208,2006,Operação Tanque Cheio,PT,,Marcelo Bretas,
209,2006,Operação Sintonia,PT,,Marcelo Bretas,
210,2006,Operação Asfalto Limpo,PT,,Marcelo Bretas,
211,2006,Operação Enguia,PT,,Marcelo Bretas,
212,2006,Operação Dominó,PT,,Marcelo Bretas,
213,2006,Operação Tigre,PT,,Marcelo Bretas,
214,2006,Operação Isaías,PT,,Marcelo Bretas,
215,2006,Operação Saúva,PT,,Marcelo Bretas,
216,2006,Operação Dilúvio,PT,,Marcelo Bretas,
217,2006,Operação Roncador,PT,,Marcelo Bretas,
218,2006,Operação Cabo,PT,,Marcelo Bretas,
219,2006,Operação Víspora II,PT,,Marcelo Bretas,
220,2006,Operação Exodus,PT,,Marcelo Bretas,
221,2006,Operação Harmonia,PT,,Marcelo Bretas,
222,2006,Operação Galáticos,PT,,Marcelo Bretas,
223,2006,Operação Gládio,PT,,Marcelo Bretas,
224,2006,Operação Amigos da Onça,PT,,Marcelo Bretas,
225,2006,Operação Gavião,PT,,Marcelo Bretas,
226,2006,Operação Euterpe,PT,,Marcelo Bretas,
227,2006,Operação Campo Fértil (1º de setembro),PT,,Marcelo Bretas,
228,2006,Operação Facção Toupeira,PT,,Marcelo Bretas,
229,2006,Operação Daniel (5 de setembro),PT,,Marcelo Bretas,
230,2006,Operação Corsário,PT,,Marcelo Bretas,
231,2006,Operação Castela e Madri (6 de setembro),PT,,Marcelo Bretas,
232,2006,Operação Replicante (12 de setembro),PT,,Marcelo Bretas,
233,2006,Operação Vermelho 27,PT,,Marcelo Bretas,
234,2006,Operação Harmonia-Retomada,PT,,Marcelo Bretas,
235,2006,Operação Sansão,PT,,Marcelo Bretas,
236,2006,Operação Abstinência,PT,,Marcelo Bretas,
237,2006,Operação Eros,PT,,Marcelo Bretas,
238,2006,Operação Tridente (19 de setembro),PT,,Marcelo Bretas,
239,2006,Operação Gabarito,PT,,Marcelo Bretas,
240,2006,Operação Aço Forte (21 de setembro),PT,,Marcelo Bretas,
241,2006,Operação Tráfico.Com,PT,,Marcelo Bretas,
242,2006,Operação Gato de Botas,PT,,Marcelo Bretas,
243,2006,Operação Felina (25 de setembro),PT,,Marcelo Bretas,
244,2006,Operação Voto Livre,PT,,Marcelo Bretas,
245,2006,Operação Grandes Lagos,PT,,Marcelo Bretas,
246,2006,Operação Overlord,PT,,Marcelo Bretas,
247,2006,Operação Seja Legal (10 de outubro),PT,,Marcelo Bretas,
248,2006,Operação Bola de Fogo (10 de outubro),PT,,Marcelo Bretas,
249,2006,Operação Defeso do Camarão (10 de outubro),PT,,Marcelo Bretas,
250,2006,Operação I-Commerce,PT,,Marcelo Bretas,
251,2006,Operação Caraxué (18 de outubro),PT,,Marcelo Bretas,
252,2006,Operação Copa (19 de outubro),PT,,Marcelo Bretas,
253,2006,Operação Anos Dourados,PT,,Marcelo Bretas,
254,2006,Operação Ciclone (20 de outubro),PT,,Marcelo Bretas,
255,2006,Operação Caribe (24 de outubro),PT,,Marcelo Bretas,
256,2006,Operação Venezuela (25 de outubro),PT,,Marcelo Bretas,
257,2006,Operação Silvestre (1º de novembro),PT,,Marcelo Bretas,
258,2006,Operação Vesúvio (9 de novembro),PT,,Marcelo Bretas,
259,2006,Operação Reação (9 de novembro),PT,,Marcelo Bretas,
260,2006,Operação Víspora III (9 de novembro,PT,,Marcelo Bretas,
261,2006,Operação Alcatrão (13 de novembro),PT,,Marcelo Bretas,
262,2006,Operação Rêmora (14 de novembro),PT,,Marcelo Bretas,
263,2006,Operação Alcaides (14 de novembro),PT,,Marcelo Bretas,
264,2006,Operação Pebra,PT,,Marcelo Bretas,
265,2006,Operação Corsário II (17 de novembro),PT,,Marcelo Bretas,
266,2006,Operação Kayabi,PT,,Marcelo Bretas,
267,2006,Operação Castelhana (23 de novembro),PT,,Marcelo Bretas,
268,2006,Operação Davi,PT,,Marcelo Bretas,
269,2006,Operação Esporão (24 de novembro),PT,,Marcelo Bretas,
270,2006,Operação Drake (28 de novembro),PT,,Marcelo Bretas,
271,2006,Operação Tsunami (29 de novembro),PT,,Marcelo Bretas,
272,2006,Operação Hook,PT,,Marcelo Bretas,
273,2006,Operação Crivo,PT,,Marcelo Bretas,
274,2006,Operação Licomedes,PT,,Marcelo Bretas,
275,2006,Operação Câmbio Livre,PT,,Marcelo Bretas,
276,2006,Operação Control+Alt+Del (7 de dezembro),PT,,Marcelo Bretas,
277,2006,Operação Cristal Negro (7 de dezembro),PT,,Marcelo Bretas,
278,2006,Operação Passagem,PT,,Marcelo Bretas,
279,2006,Operação Sentença,PT,,Marcelo Bretas,
280,2006,Operação Oráculo (11 de dezembro),PT,,Marcelo Bretas,
281,2006,Operação Bingo (12 de dezembro),PT,,Marcelo Bretas,
282,2006,Operação Caça-Níqueis (14 de dezembro),PT,,Marcelo Bretas,
283,2006,Operação Telhado de Vidro (14 de dezembro),PT,,Marcelo Bretas,
284,2006,Operação Afrodite (14 de dezembro),PT,,Marcelo Bretas,
285,2006,Operação Gladiador (15 de dezembro),PT,,Marcelo Bretas,
286,2006,Operação Tingüí (15 de dezembro),PT,,Marcelo Bretas,
287,2006,Operação Ouro de Tolo,PT,,Marcelo Bretas,
288,2006,Operação Maçaranduba,PT,,Marcelo Bretas,
289,2006,Operação Pinóquio (19 de dezembro),PT,,Marcelo Bretas,
290,2006,Operação Boca Limpa (20 de dezembro),PT,,Marcelo Bretas,
291,2006,Operação Caiman (22 de dezembro),PT,,Marcelo Bretas,
292,2006,Operação Puerto Libre,PT,,Marcelo Bretas,
293,2006,Operação Afrodite II (24 de dezembro),PT,,Marcelo Bretas,
294,2006,Operação São Matheus,PT,,Marcelo Bretas,
295,2007,Operação Linhas Cruzadas,PT,,Marcelo Bretas,
296,2007,Operação Vintém,PT,,Marcelo Bretas,
297,2007,Operação Sodoma,PT,,Marcelo Bretas,
298,2007,Operação Passe Livre,PT,,Marcelo Bretas,
299,2007,Operação Tv Pirata,PT,,Marcelo Bretas,
300,2007,Operação Aliança,PT,,Marcelo Bretas,
301,2007,Operação Kolibra,PT,,Marcelo Bretas,
302,2007,Operação Parabellum,PT,,Marcelo Bretas,
303,2007,Operação Cedro-Maracá,PT,,Marcelo Bretas,
304,2007,Operação Tubarão,PT,,Marcelo Bretas,
305,2007,Operação Roseira,PT,,Marcelo Bretas,
306,2007,Operação Big-Apple,PT,,Marcelo Bretas,
307,2007,Operação Valáquia,PT,,Marcelo Bretas,
308,2007,Operação Sintonia,PT,,Marcelo Bretas,
309,2007,Operação Piratas da Lavoura,PT,,Marcelo Bretas,
310,2007,Operação Rio Nilo,PT,,Marcelo Bretas,
311,2007,Operação 387,PT,,Marcelo Bretas,
312,2007,Operação Savana,PT,,Marcelo Bretas,
313,2007,Operação Ananias,PT,,Marcelo Bretas,
314,2007,Operação Xingu,PT,,Marcelo Bretas,
315,2007,Operação Casão,PT,,Marcelo Bretas,
316,2007,Operação Truco,PT,,Marcelo Bretas,
317,2007,Operação Morpheu,PT,,Marcelo Bretas,
318,2007,Operação Miragem,PT,,Marcelo Bretas,
319,2007,Operação Naciente,PT,,Marcelo Bretas,
320,2007,Operação Byblos,PT,,Marcelo Bretas,
321,2007,Operação Jota,PT,,Marcelo Bretas,
322,2007,Operação Derrame,PT,,Marcelo Bretas,
323,2007,Operação Antídoto,PT,,Marcelo Bretas,
324,2007,Operação Platina,PT,,Marcelo Bretas,
325,2007,Operação Âncora,PT,,Marcelo Bretas,
326,2007,Operação Curitiba,PT,,Marcelo Bretas,
327,2007,Operação Interferência,PT,,Marcelo Bretas,
328,2007,Operação Testamento,PT,,Marcelo Bretas,
329,2007,Operação Malha Sertão,PT,,Marcelo Bretas,
330,2007,Operação Ouro Verde,PT,,Marcelo Bretas,
331,2007,Operação Conexão Alfa,PT,,Marcelo Bretas,
332,2007,Operação Malha Fina,PT,,Marcelo Bretas,
333,2007,Operação Aveloz,PT,,Marcelo Bretas,
334,2007,Operação Arara Preta,PT,,Marcelo Bretas,
335,2007,Operação Hurricane,PT,,Marcelo Bretas,
336,2007,Operação 42 Graus,PT,,Marcelo Bretas,
337,2007,Operação Cobra D'Água,PT,,Marcelo Bretas,
338,2007,Operação Kaspar,PT,,Marcelo Bretas,
339,2007,Operação Lacraia,PT,,Marcelo Bretas,
340,2007,Operação Game Over,PT,,Marcelo Bretas,
341,2007,Operação Oeste,PT,,Marcelo Bretas,
342,2007,Operação Terra do Sol,PT,,Marcelo Bretas,
343,2007,Operação Vaga Certa,PT,,Marcelo Bretas,
344,2007,Operação Moeda Verde,PT,,Marcelo Bretas,
345,2007,Operação 274,PT,,Marcelo Bretas,
346,2007,Operação Campo Verde,PT,,Marcelo Bretas,
347,2007,Operação Cacique,PT,,Marcelo Bretas,
348,2007,Operação Paraíso,PT,,Marcelo Bretas,
349,2007,Operação Iscariotes,PT,,Marcelo Bretas,
350,2007,Operação Conexão Criciúma,PT,,Marcelo Bretas,
351,2007,Operação Navegantes,PT,,Marcelo Bretas,
352,2007,Operação Pó da China,PT,,Marcelo Bretas,
353,2007,Operação Carimbo,PT,,Marcelo Bretas,
354,2007,Operação Mapinguari,PT,,Marcelo Bretas,
355,2007,Operação Navalha,PT,,Marcelo Bretas,
356,2007,Operação Hipócrates,PT,,Marcelo Bretas,
357,2007,Operação Contranicot,PT,,Marcelo Bretas,
358,2007,Operação Banco Imobiliário,PT,,Marcelo Bretas,
359,2007,Operação Ouro Negro,PT,,Marcelo Bretas,
360,2007,Operação Hiena,PT,,Marcelo Bretas,
361,2007,Operação Guarany,PT,,Marcelo Bretas,
362,2007,Operação Bruxelas,PT,,Marcelo Bretas,
363,2007,Operação Xeque-Mate,PT,,Marcelo Bretas,
364,2007,Operação Espiral,PT,,Marcelo Bretas,
365,2007,Operação Senhor dos Anéis,PT,,Marcelo Bretas,
366,2007,Operação Rosa dos Ventos IV,PT,,Marcelo Bretas,
367,2007,Operação Prometeu,PT,,Marcelo Bretas,
368,2007,Operação Rota Oeste,PT,,Marcelo Bretas,
369,2007,Operação Zaqueu,PT,,Marcelo Bretas,
370,2007,Operação Sétimo Dia,PT,,Marcelo Bretas,
371,2007,Operação Vitória,PT,,Marcelo Bretas,
372,2007,Operação Caipora,PT,,Marcelo Bretas,
373,2007,Operação Rússia,PT,,Marcelo Bretas,
374,2007,Operação Lavrador,PT,,Marcelo Bretas,
375,2007,Operação Alcatéia,PT,,Marcelo Bretas,
376,2007,Operação Camaleão,PT,,Marcelo Bretas,
377,2007,Operação Freud,PT,,Marcelo Bretas,
378,2007,Operação Tv Legal,PT,,Marcelo Bretas,
379,2007,Operação Oriente,PT,,Marcelo Bretas,
380,2007,Operação Abatedouro,PT,,Marcelo Bretas,
381,2007,Operação Reluz,PT,,Marcelo Bretas,
382,2007,Operação Columbus,PT,,Marcelo Bretas,
383,2007,Operação Matamento,PT,,Marcelo Bretas,
384,2007,Operação Pen Drive,PT,,Marcelo Bretas,
385,2007,Operação Bumerangue,PT,,Marcelo Bretas,
386,2007,Operação Game Over,PT,,Marcelo Bretas,
387,2007,Operação Sabinas,PT,,Marcelo Bretas,
388,2007,Operação Ouro Verde II,PT,,Marcelo Bretas,
389,2007,Operação Lobo Guerreiro,PT,,Marcelo Bretas,
390,2007,Operação Hipócrates,PT,,Marcelo Bretas,
391,2007,Operação Águas Profundas,PT,,Marcelo Bretas,
392,2007,Operação Aliança,PT,,Marcelo Bretas,
393,2007,Operação Alaska,PT,,Marcelo Bretas,
394,2007,Operação Placebo,PT,,Marcelo Bretas,
395,2007,Operação Pluma,PT,,Marcelo Bretas,
396,2007,Operação Gerúsia,PT,,Marcelo Bretas,
397,2007,Operação Selo,PT,,Marcelo Bretas,
398,2007,Operação Convento,PT,,Marcelo Bretas,
399,2007,Operação Macuco,PT,,Marcelo Bretas,
400,2007,Operação Farrapos,PT,,Marcelo Bretas,
401,2007,Operação Zebu,PT,,Marcelo Bretas,
402,2007,Operação Catraca,PT,,Marcelo Bretas,
403,2007,Operação São Francisco,PT,,Marcelo Bretas,
404,2007,Operação Colossus,PT,,Marcelo Bretas,
405,2007,Operação Tubarão,PT,,Marcelo Bretas,
406,2007,Operação Aposta,PT,,Marcelo Bretas,
407,2007,Operação Revisão,PT,,Marcelo Bretas,
408,2007,Operação Zeus,PT,,Marcelo Bretas,
409,2007,Operação Contestado,PT,,Marcelo Bretas,
410,2007,Operação Zebra,PT,,Marcelo Bretas,
411,2007,Operação Tabaco,PT,,Marcelo Bretas,
412,2007,Operação Patrimônio,PT,,Marcelo Bretas,
413,2007,Operação Carranca de Troia,PT,,Marcelo Bretas,
414,2007,Operação Colmeia,PT,,Marcelo Bretas,
415,2007,Operação Barão,PT,,Marcelo Bretas,
416,2007,Operação Faxina,PT,,Marcelo Bretas,
417,2007,Operação Pedra Lascada,PT,,Marcelo Bretas,
418,2007,Operação Interferência II,PT,,Marcelo Bretas,
419,2007,Operação Vênus,PT,,Marcelo Bretas,
420,2007,Operação Pulverizador,PT,,Marcelo Bretas,
421,2007,Operação Espectro Negro,PT,,Marcelo Bretas,
422,2007,Operação Ribeirão,PT,,Marcelo Bretas,
423,2007,Operação Minotauro,PT,,Marcelo Bretas,
424,2007,Operação Duna Branca,PT,,Marcelo Bretas,
425,2007,Operação Cárcere,PT,,Marcelo Bretas,
426,2007,Operação Metalose,PT,,Marcelo Bretas,
427,2007,Operação Profeta,PT,,Marcelo Bretas,
428,2007,Operação Via Salária,PT,,Marcelo Bretas,
429,2007,Operação Tríade,PT,,Marcelo Bretas,
430,2007,Operação Área Livre,PT,,Marcelo Bretas,
431,2007,Operação Persona,PT,,Marcelo Bretas,
432,2007,Operação Wood Stock,PT,,Marcelo Bretas,
433,2007,Operação Alquimista,PT,,Marcelo Bretas,
434,2007,Operação Gaia,PT,,Marcelo Bretas,
435,2007,Operação Ouro Branco,PT,,Marcelo Bretas,
436,2007,Operação Esfinge,PT,,Marcelo Bretas,
437,2007,Operação Metástase,PT,,Marcelo Bretas,
438,2007,Operação X-9,PT,,Marcelo Bretas,
439,2007,Operação Solanácea,PT,,Marcelo Bretas,
440,2007,Operação Iara,PT,,Marcelo Bretas,
441,2007,Operação Alquila,PT,,Marcelo Bretas,
442,2007,Operação Veneza,PT,,Marcelo Bretas,
443,2007,Operação Rodin,PT,,Marcelo Bretas,
444,2007,Operação Mecenas,PT,,Marcelo Bretas,
445,2007,Operação Kaspar II,PT,,Marcelo Bretas,
446,2007,Operação Vento Sul,PT,,Marcelo Bretas,
447,2007,Operação Roterdam,PT,,Marcelo Bretas,
448,2007,Operação Lenha Branca,PT,,Marcelo Bretas,
449,2007,Operação Metamorfose,PT,,Marcelo Bretas,
450,2007,Operação Cia do Extermínio,PT,,Marcelo Bretas,
451,2007,Operação Ilíada,PT,,Marcelo Bretas,
452,2007,Operação Carranca,PT,,Marcelo Bretas,
453,2007,Operação Sete Erros,PT,,Marcelo Bretas,
454,2007,Operação Revisão II,PT,,Marcelo Bretas,
455,2007,Operação Veredas,PT,,Marcelo Bretas,
456,2007,Operação Ceres,PT,,Marcelo Bretas,
457,2007,Operação Constelação,PT,,Marcelo Bretas,
458,2007,Operação Xadrez,PT,,Marcelo Bretas,
459,2007,Operação Avc,PT,,Marcelo Bretas,
460,2007,Operação Curto Circuito,PT,,Marcelo Bretas,
461,2007,Operação Fênix,PT,,Marcelo Bretas,
462,2007,Operação Jaleco Branco,PT,,Marcelo Bretas,
463,2007,Operação Casa Nova,PT,,Marcelo Bretas,
464,2007,Operação Oitava Praga,PT,,Marcelo Bretas,
465,2007,Operação Muro de Fogo,PT,,Marcelo Bretas,
466,2007,Operação Lolicon,PT,,Marcelo Bretas,
467,2007,Operação Taturana,PT,,Marcelo Bretas,
468,2007,Operação Sofia,PT,,Marcelo Bretas,
469,2007,Operação Repique,PT,,Marcelo Bretas,
470,2007,Operação Corvina,PT,,Marcelo Bretas,
471,2007,Operação Feitoria,PT,,Marcelo Bretas,
472,2007,Operação Monte Líbano,PT,,Marcelo Bretas,
473,2007,Operação Spoter,PT,,Marcelo Bretas,
474,2007,Operação Garoa,PT,,Marcelo Bretas,
475,2007,Operação Rapina,PT,,Marcelo Bretas,
476,2007,Operação Império,PT,,Marcelo Bretas,
477,2007,Operação Toscano,PT,,Marcelo Bretas,
478,2007,Operação Naufrágio,PT,,Marcelo Bretas,
479,2007,Operação Toca,PT,,Marcelo Bretas,
480,2007,Operação Al Capone,PT,,Marcelo Bretas,
481,2007,Operação Carrossel,PT,,Marcelo Bretas,
482,2007,Operação Good Vibes,PT,,Marcelo Bretas,
483,2008,Operação Moeda,PT,,Marcelo Bretas,
484,2008,Operação Mula,PT,,Marcelo Bretas,
485,2008,Operação Amálgama,PT,,Marcelo Bretas,
486,2008,Operação Boas Vindas III,PT,,Marcelo Bretas,
487,2008,Operação Rede Marginal,PT,,Marcelo Bretas,
488,2008,Operação Iceberg,PT,,Marcelo Bretas,
489,2008,Operação Interferência,PT,,Marcelo Bretas,
490,2008,Operação Arredores,PT,,Marcelo Bretas,
491,2008,Operação Centro,PT,,Marcelo Bretas,
492,2008,Operação Hígia,PT,,Marcelo Bretas,
493,2008,Operação Kabuf,PT,,Marcelo Bretas,
494,2008,Operação Pirita,PT,,Marcelo Bretas,
495,2008,Operação Ingo,PT,,Marcelo Bretas,
496,2008,Operação Desvio Químico,PT,,Marcelo Bretas,
497,2008,Operação Arco de Fogo,PT,,Marcelo Bretas,
498,2008,Operação São José,PT,,Marcelo Bretas,
499,2008,Operação Varredura,PT,,Marcelo Bretas,
500,2008,Operação Aldeia Livre,PT,,Marcelo Bretas,
501,2008,Operação Flash Back,PT,,Marcelo Bretas,
502,2008,Operação Centelha,PT,,Marcelo Bretas,
503,2008,Operação Madri,PT,,Marcelo Bretas,
504,2008,Operação Tarrafa,PT,,Marcelo Bretas,
505,2008,Operação Integrada Afrodite,PT,,Marcelo Bretas,
506,2008,Operação Telhado de Vidro,PT,,Marcelo Bretas,
507,2008,Operação Pinóquio,PT,,Marcelo Bretas,
508,2008,Operação Fariseu,PT,,Marcelo Bretas,
509,2008,Operação Cola,PT,,Marcelo Bretas,
510,2008,Operação Pórtico,PT,,Marcelo Bretas,
511,2008,Operação Paralelo,PT,,Marcelo Bretas,
512,2008,Operação Pleno Emprego,PT,,Marcelo Bretas,
513,2008,Operação Contramão,PT,,Marcelo Bretas,
514,2008,Operação Rapina II,PT,,Marcelo Bretas,
515,2008,Operação Titanic,PT,,Marcelo Bretas,
516,2008,Operação Pechisbeque,PT,,Marcelo Bretas,
517,2008,Operação Pasárgada,PT,,Marcelo Bretas,
518,2008,Operação Muralha,PT,,Marcelo Bretas,
519,2008,Operação Contato,PT,,Marcelo Bretas,
520,2008,Operação Nautilus,PT,,Marcelo Bretas,
521,2008,Operação Butiá,PT,,Marcelo Bretas,
522,2008,Operação Auxílio-Sufrágio,PT,,Marcelo Bretas,
523,2008,Operação Santa Teresa,PT,,Marcelo Bretas,
524,2008,Operação Termes,PT,,Marcelo Bretas,
525,2008,Operação Treviso,PT,,Marcelo Bretas,
526,2008,Operação Anjos do Sol,PT,,Marcelo Bretas,
527,2008,Operação Bolsa-Receita,PT,,Marcelo Bretas,
528,2008,Operação Camaleão,PT,,Marcelo Bretas,
529,2008,Operação Nêmesis,PT,,Marcelo Bretas,
530,2008,Operação Colheita,PT,,Marcelo Bretas,
531,2008,Operação Cardume,PT,,Marcelo Bretas,
532,2008,Operação Lactose,PT,,Marcelo Bretas,
533,2008,Operação Neve no Cerrado,PT,,Marcelo Bretas,
534,2008,Operação Diamante Negro,PT,,Marcelo Bretas,
535,2008,Operação Vorax,PT,,Marcelo Bretas,
536,2008,Operação Camuflagem,PT,,Marcelo Bretas,
537,2008,Operação Caipora,PT,,Marcelo Bretas,
538,2008,Operação Segurança Pública[7],PT,,Marcelo Bretas,
539,2008,Operação Canal 70.1,PT,,Marcelo Bretas,
540,2008,Operação Cartada Final,PT,,Marcelo Bretas,
541,2008,Operação Sinal Vermelho,PT,,Marcelo Bretas,
542,2008,Operação Albergue,PT,,Marcelo Bretas,
543,2008,Operação Savana,PT,,Marcelo Bretas,
544,2008,Operação Pedra de Fogo,PT,,Marcelo Bretas,
545,2008,Operação Esperança,PT,,Marcelo Bretas,
546,2008,Operação Banacre,PT,,Marcelo Bretas,
547,2008,Operação Arcanjo,PT,,Marcelo Bretas,
548,2008,Operação Placebo II,PT,,Marcelo Bretas,
549,2008,Operação Rosa dos Ventos V,PT,,Marcelo Bretas,
550,2008,Operação Cariri,PT,,Marcelo Bretas,
551,2008,Operação Capelinha,PT,,Marcelo Bretas,
552,2008,Operação Fronteira Sul,PT,,Marcelo Bretas,
553,2008,Operação Cana Brava,PT,,Marcelo Bretas,
554,2008,Operação Passadiço,PT,,Marcelo Bretas,
555,2008,Operação de Volta Para Pasárgada,PT,,Marcelo Bretas,
556,2008,Operação Lambari,PT,,Marcelo Bretas,
557,2008,Operação Hígia,PT,,Marcelo Bretas,
558,2008,Operação Gestão Plena,PT,,Marcelo Bretas,
559,2008,Operação Pampa,PT,,Marcelo Bretas,
560,2008,Operação Guarani,PT,,Marcelo Bretas,
561,2008,Operação Balaiada,PT,,Marcelo Bretas,
562,2008,Operação Clone,PT,,Marcelo Bretas,
563,2008,Operação Influenza,PT,,Marcelo Bretas,
564,2008,Operação João-de-Barro,PT,,Marcelo Bretas,
565,2008,Operação Porto,PT,,Marcelo Bretas,
566,2008,Operação Teimoso,PT,,Marcelo Bretas,
567,2008,Operação Jogo Perigoso,PT,,Marcelo Bretas,
568,2008,Operação Miami,PT,,Marcelo Bretas,
569,2008,Operação Houdini,PT,,Marcelo Bretas,
570,2008,Operação Quixadá,PT,,Marcelo Bretas,
571,2008,Operação Loki,PT,,Marcelo Bretas,
572,2008,Operação Posto Seguro,PT,,Marcelo Bretas,
573,2008,Operação Epidemia,PT,,Marcelo Bretas,
574,2008,Operação Arredores II,PT,,Marcelo Bretas,
575,2008,Operação Serpente Negra,PT,,Marcelo Bretas,
576,2008,Operação Arquipélago,PT,,Marcelo Bretas,
577,2008,Operação I-Commerce II,PT,,Marcelo Bretas,
578,2008,Operação Play Back,PT,,Marcelo Bretas,
579,2008,Operação Olympia,PT,,Marcelo Bretas,
580,2008,Operação Mão Invisível,PT,,Marcelo Bretas,
581,2008,Operação Satiagraha,PT,,Marcelo Bretas,
582,2008,Operação Bicho Mineiro,PT,,Marcelo Bretas,
583,2008,Operação Colheita Norte,PT,,Marcelo Bretas,
584,2008,Operação Combate,PT,,Marcelo Bretas,
585,2008,Operação Mãos Dadas,PT,,Marcelo Bretas,
586,2008,Operação Toque de Midas,PT,,Marcelo Bretas,
587,2008,Operação San Lucca,PT,,Marcelo Bretas,
588,2008,Operação Kirão,PT,,Marcelo Bretas,
589,2008,Operação Akator,PT,,Marcelo Bretas,
590,2008,Operação Ferreiro,PT,,Marcelo Bretas,
591,2008,Operação Norne,PT,,Marcelo Bretas,
592,2008,Operação Cascavel,PT,,Marcelo Bretas,
593,2008,Operação Psicose,PT,,Marcelo Bretas,
594,2008,Operação Pedra Redonda,PT,,Marcelo Bretas,
595,2008,Operação Deja Vu,PT,,Marcelo Bretas,
596,2008,Operação Avalanche,PT,,Marcelo Bretas,
597,2008,Operação Boi Branco,PT,,Marcelo Bretas,
598,2009,Operação Caixa de Pandora,PT,,Marcelo Bretas,
599,2009,Operação Castelo de Areia,PT,,Marcelo Bretas,
600,2010,Operação Maet,PT,,Marcelo Bretas,
601,2011,Operação Refino,PT,,Marcelo Bretas,
602,2011,Operação Ilusão de Ótica,PT,,Marcelo Bretas,
603,2011,Operação Dedicado,PT,,Marcelo Bretas,
604,2012,Operação Intolerância,PT,,Marcelo Bretas,
605,2012,Operação Porto Seguro,PT,,Marcelo Bretas,
606,2012,Operação Durkheim,PT,,Marcelo Bretas,
607,2012,Operação Crackalves,PT,,Marcelo Bretas,
608,2013,Operação Garina,PT,,Marcelo Bretas,
609,2013,Operação Planeta,PT,,Marcelo Bretas,
610,2013,Operação Concutare,PT,,Marcelo Bretas,
611,2013,Operação G-7,PT,,Marcelo Bretas,
612,2013,Operação Ararath,PT,,Marcelo Bretas,
613,2013,Operação Miquéias,PT,,Marcelo Bretas,
614,2014,Operação Luíz O Espalha Lixo,PT,,Marcelo Bretas,
615,2014,Operação Éskhara,PT,,Marcelo Bretas,
616,2014,Operação Darknet,PT,,Marcelo Bretas,
617,2014,Operação Lava Jato,PT,,Marcelo Bretas,
618,2014,Operação Bidone,PT,,Marcelo Bretas,
619,2014,Operação Dolce Vita,PT,,Marcelo Bretas,
620,2014,Operação Casablanca,PT,,Marcelo Bretas,
621,2014,Operação Bidone II,PT,,Marcelo Bretas,
622,2014,Operação Bidone III,PT,,Marcelo Bretas,
623,2014,Operação Juízo Final,PT,,Marcelo Bretas,
624,2014,Operação Carmelina,PT,,Marcelo Bretas,
625,2014,Operação Gafanhotos,PT,,Marcelo Bretas,
626,2015,Operação Zaqueu,PT,,Marcelo Bretas,
627,2015,Operação Pulso,PT,,Marcelo Bretas,
628,2015,Operação Zelotes,PT,,Marcelo Bretas,
629,2015,Operação Zelotes (2ª fase),PT,,Marcelo Bretas,
630,2015,Operação Zelotes (3ª fase),PT,,Marcelo Bretas,
631,2015,Operação Zelotes (4ª fase),PT,,Marcelo Bretas,
632,2015,Operação Zelotes (5ª fase),PT,,Marcelo Bretas,
633,2015,Operação Acrônimo,PT,,Marcelo Bretas,
634,2015,Operação Andaime II,PT,,Marcelo Bretas,
635,2015,Operação Lava Jato,PT,,Marcelo Bretas,
636,2015,Operação Lava Jato (8ª fase),PT,,Marcelo Bretas,
637,2015,Operação My Way,PT,,Marcelo Bretas,
638,2015,Operação Que País é esse,PT,,Marcelo Bretas,
639,2015,Operação A Origem,PT,,Marcelo Bretas,
640,2015,Operação Lava Jato (12ª fase),PT,,Marcelo Bretas,
641,2015,Operação Lava Jato (13ª fase),PT,,Marcelo Bretas,
642,2015,Operação Erga Omnes,PT,,Marcelo Bretas,
643,2015,Operação Ponto Final,PT,,Marcelo Bretas,
644,2015,Operação Conexão Mônaco,PT,,Marcelo Bretas,
645,2015,Operação Politeia,PT,,Marcelo Bretas,
646,2015,Operação Radiotividade,PT,,Marcelo Bretas,
647,2015,Operação Pixuleco,PT,,Marcelo Bretas,
648,2015,Operação Pixuleco II,PT,,Marcelo Bretas,
649,2015,Operação Nessun Dorma,PT,,Marcelo Bretas,
650,2015,Operação Corrosão,PT,,Marcelo Bretas,
651,2015,Operação Passe Livre,PT,,Marcelo Bretas,
652,2015,Operação Crátons,PT,,Marcelo Bretas,
653,2015,Operação Vidas Secas,PT,,Marcelo Bretas,
654,2015,Operação Catilinárias,PT,,Marcelo Bretas,
655,2015,Operação Sangue Negro,PT,,Marcelo Bretas,
656,2015,Operação Gol Contra,PT,,Marcelo Bretas,
657,2015,Operação Expresso 150,PT,,Marcelo Bretas,
658,2015,Operação Asclépia,PT,,Marcelo Bretas,
659,2016,Operação Dupla Face,PT,,Marcelo Bretas,
660,2016,Operação Lava Jato,PT,,Marcelo Bretas,
661,2016,Operação Triplo X,PT,,Marcelo Bretas,
662,2016,Operação Acarajé,PT,,Marcelo Bretas,
663,2016,Operação O Recebedor,PT,,Marcelo Bretas,
664,2016,Operação Aletheia,PT,,Marcelo Bretas,
665,2016,Desdobramento da Operação Acarajé,PT,,Marcelo Bretas,
666,2016,Operação Polimento,PT,,Marcelo Bretas,
667,2016,Operação Xepa,PT,,Marcelo Bretas,
668,2016,Operação Carbono 14,PT,,Marcelo Bretas,
669,2016,Operação Vitória de Pirro,PT,,Marcelo Bretas,
670,2016,Operação Janus,PT,,Marcelo Bretas,
671,2016,Operação Repescagem,PT,,Marcelo Bretas,
672,2016,Operação Vício,PT,,Marcelo Bretas,
673,2016,Operação Custo Brasil,PT,,Marcelo Bretas,
674,2016,Operação Tabela Periódica,PT,,Marcelo Bretas,
675,2016,Operação Sépsis,PT,,Marcelo Bretas,
676,2016,Operação Abismo,PT,,Marcelo Bretas,
677,2016,Operação Pripyat,PT,,Marcelo Bretas,
678,2016,Operação Caça-Fantasmas,PT,,Marcelo Bretas,
679,2016,Operação Resta Um,PT,,Marcelo Bretas,
680,2016,Operação Irmandade,PT,,Marcelo Bretas,
681,2016,Operação Arquivo X,PT,,Marcelo Bretas,
682,2016,Operação Omertà,PT,,Marcelo Bretas,
683,2016,Operação Dragão,PT,,Marcelo Bretas,
684,2016,Operação Calicute,PT,,Marcelo Bretas,
685,2016,Operação Deflexão,PT,,Marcelo Bretas,
686,2016,Operação Descontrole,PT,,Marcelo Bretas,
687,2016,Operação Zelotes,PT,,Marcelo Bretas,
688,2016,Operação Zelotes (6º fase),PT,,Marcelo Bretas,
689,2016,Operação Zelotes (7ª fase),PT,,Marcelo Bretas,
690,2016,Operação Zelotes (8ª fase),PT,,Marcelo Bretas,
691,2016,Operação Créditos Podres,PT,,Marcelo Bretas,
692,2016,Operação Falsa Morada[84],PT,,Marcelo Bretas,
693,2016,Operação Acrônimo (12 fases),PT,,Marcelo Bretas,
694,2016,Operação Acrônimo (5º fase),PT,,Marcelo Bretas,
695,2016,Operação Mar de Lama (8 fases),PT,,Marcelo Bretas,
696,2016,Operação Esfinge,PT,,Marcelo Bretas,
697,2016,Operação Bota-Fora,PT,,Marcelo Bretas,
698,2016,Operação Turbulência,PT,,Marcelo Bretas,
699,2016,Operação Recomeço,PT,,Marcelo Bretas,
700,2016,Operação Boca Livre (2 fases),PT,,Marcelo Bretas,
701,2016,Operação Lázaro,PT,,Marcelo Bretas,
702,2016,Operação Saqueador,PT,,Marcelo Bretas,
703,2016,Operação Black List,PT,,Marcelo Bretas,
704,2016,Operação Quatro Mãos,PT,,Marcelo Bretas,
705,2016,Operação Mato Cerrado,PT,,Marcelo Bretas,
706,2016,Operação Inversão,PT,,Marcelo Bretas,
707,2016,Operação Dopamina,PT,,Marcelo Bretas,
708,2016,Operação Ali Babá,PT,,Marcelo Bretas,
709,2016,Operação Hashtag (4 fases),PT,,Marcelo Bretas,
710,2016,Operação Decantação,PT,,Marcelo Bretas,
711,2016,Operação Sevandija,PT,,Marcelo Bretas,
712,2016,Operação Greenfield,PT,,Marcelo Bretas,
713,2016,Operação Véu Protetor,PT,,Marcelo Bretas,
714,2016,Operação Ápia,PT,,Marcelo Bretas,
715,2016,Operação For All,PT,,Marcelo Bretas,
716,2016,Operação Métis,PT,,Marcelo Bretas,
717,2016,Operação Chequinho,PT,,Marcelo Bretas,
718,2016,Operação Nenhures (3 fases),PT,,Marcelo Bretas,
719,2016,Operação Darknet (2 fases),PT,,Marcelo Bretas,
720,2016,Operação Rios Voadores,PT,,Marcelo Bretas,
721,2016,Operação Barba Negra,PT,,Marcelo Bretas,
722,2016,Operação Fides,PT,,Marcelo Bretas,
723,2016,Operação Livre Concorrência,PT,,Marcelo Bretas,
724,2016,Operação Larva,PT,,Marcelo Bretas,
725,2016,Operação Ilusionista,PT,,Marcelo Bretas,
726,2016,Operação Sevandija,PT,,Marcelo Bretas,
727,2016,Operação Mamãe Noel,PT,,Marcelo Bretas,
728,2016,Operação Segurança,PT,,Marcelo Bretas,
729,2016,Operação Bagration,PT,,Marcelo Bretas,
730,2016,Operação Curadoria,PT,,Marcelo Bretas,
731,2016,Operação Niágara,PT,,Marcelo Bretas,
732,2016,Operação Falsário,PT,,Marcelo Bretas,
733,2016,Operação Leopoldo,PT,,Marcelo Bretas,
734,2016,Operação Hidra de Lerna,PT,,Marcelo Bretas,
735,2016,Operação Simão,PT,,Marcelo Bretas,
736,2016,Operação Expresso 150,PT,,Marcelo Bretas,
737,2016,Operação Expresso 150 (2a fase),PT,,Marcelo Bretas,
738,2016,Operação Alanis,PT,,Marcelo Bretas,
739,2016,Operação Embuste,PT,,Marcelo Bretas,
740,2016,Operação Jogo Limpo,PT,,Marcelo Bretas,
741,2016,Operação Default,PT,,Marcelo Bretas,
742,2016,Operação Hefasta,PT,,Marcelo Bretas,
743,2016,Operação Wolverine,PT,,Marcelo Bretas,
744,2017,Operação Lava Jato,PT,,Marcelo Bretas,
745,2017,Operação Cui Bono?,PT,,Marcelo Bretas,
746,2017,Operação Eficiência,PT,,Marcelo Bretas,
747,2017,Operação Mascate,PT,,Marcelo Bretas,
748,2017,Operação Leviatã,PT,,Marcelo Bretas,
749,2017,Operação Blackout,PT,,Marcelo Bretas,
750,2017,Operação Tolypeutes,PT,,Marcelo Bretas,
751,2017,Operação Satélites,PT,,Marcelo Bretas,
752,2017,Operação Paralelo,PT,,Marcelo Bretas,
753,2017,Operação O Quinto do Ouro,PT,,Marcelo Bretas,
754,2017,Operação Fatura Exposta,PT,,Marcelo Bretas,
755,2017,Operação Ratatouille,PT,,Marcelo Bretas,
756,2017,Operação Tesouro Perdido,PT,,Marcelo Bretas,
757,2017,Operação Unfair Play,PT,,Marcelo Bretas,
758,2017,Operação Unfair Play 2º tempo,PT,,Marcelo Bretas,
759,2017,Operação Antiquários,PT,,Marcelo Bretas,
760,2017,Operação Vórtex,PT,,Marcelo Bretas,
761,2017,Operação Crisol,PT,,Marcelo Bretas,
762,2017,Operação Cosa Nostra,PT,,Marcelo Bretas,
763,2017,Operação Fogo de Palha,PT,,Marcelo Bretas,
764,2017,Operação Carne Fraca,PT,,Marcelo Bretas,
765,2017,Operação Research,PT,,Marcelo Bretas,
766,2017,Operação Perfídia,PT,,Marcelo Bretas,
767,2017,Operação Águas Claras,PT,,Marcelo Bretas,
768,2017,Operação Stellio Natus,PT,,Marcelo Bretas,
769,2017,Operação Conclave,PT,,Marcelo Bretas,
770,2017,Operação Lucas,PT,,Marcelo Bretas,
771,2017,Operação Bullish,PT,,Marcelo Bretas,
772,2017,Operação Panatenaico,PT,,Marcelo Bretas,
773,2017,Operação Hoder,PT,,Marcelo Bretas,
774,2017,Operação Proteina,PT,,Marcelo Bretas,
775,2017,Operação Grajaú,PT,,Marcelo Bretas,
776,2017,Operação Ponto Final,PT,,Marcelo Bretas,
777,2017,Operação Papel Fantasma,PT,,Marcelo Bretas,
778,2017,Operação Adsumus,PT,,Marcelo Bretas,
779,2017,Operação Ostrich,PT,,Marcelo Bretas,
780,2017,Operação Ex-Fumo,PT,,Marcelo Bretas,
781,2017,Operação Brabo,PT,,Marcelo Bretas,
782,2017,Operação Hammer-on,PT,,Marcelo Bretas,
783,2017,Operação Anteros,PT,,Marcelo Bretas,
784,2017,Operação Rosas dos Ventos,PT,,Marcelo Bretas,
785,2017,Operação Étimo,PT,,Marcelo Bretas,
786,2017,Operação Conexão Venezuela,PT,,Marcelo Bretas,
787,2017,Operação Fraternidade,PT,,Marcelo Bretas,
788,2017,Operação Ouvidos Moucos,PT,,Marcelo Bretas,
789,2017,Operação Malebolge,PT,,Marcelo Bretas,
790,2017,Operação Afronta,PT,,Marcelo Bretas,
791,2017,Operação Inimigo Oculto,PT,,Marcelo Bretas,
792,2017,Operação Moneda,PT,,Marcelo Bretas,
793,2017,Operação Anel de Gigantes,PT,,Marcelo Bretas,
794,2017,Operação Marcapasso,PT,,Marcelo Bretas,
795,2017,Operação Passe Fácil,PT,,Marcelo Bretas,
796,2017,Operação Backbone,PT,,Marcelo Bretas,
797,2017,Operação República Velha,PT,,Marcelo Bretas,
798,2017,Operação Cadeia Velha,PT,,Marcelo Bretas,
799,2017,Operação Sothis,PT,,Marcelo Bretas,
800,2017,Operação Rush,PT,,Marcelo Bretas,
801,2017,Operação Ápia (sexta fase),PT,,Marcelo Bretas,
802,2017,Operação Ápia,PT,,Marcelo Bretas,
803,2018,"Operação Integração, 48.ª fase da Operação Lava Jato ",PT,,Marcelo Bretas,
804,2018,Operação Zona Cinzenta,PT,,Marcelo Bretas,
805,2018,Operação Pausare,PT,,Marcelo Bretas,
806,2018,Operação Endemia,PT,,Marcelo Bretas,
807,2018,"Operação Jabuti, desdobramento da Operação Lava Jato",PT,,Marcelo Bretas,
808,2018,Operação Elemento 79,PT,,Marcelo Bretas,
809,2018,"Operação Descarte, desdobramento da Operação Lava Jato",PT,,Marcelo Bretas,
810,2018,"Operação Trapaça, fase 3, batizada da Operação Carne Fraca",PT,,Marcelo Bretas,
811,2018,Operação Pontes de Papel,PT,,Marcelo Bretas,
812,2018,Operação Terra Prometida,PT,,Marcelo Bretas,
813,2018,"Operação Voto Livre, operação de combate à fake news",PT,,Marcelo Bretas,
814,2018,Operação Pão Nosso,PT,,Marcelo Bretas,
815,2018,Operação Tristitia,PT,,Marcelo Bretas,
816,2018,Operação Philoteus,PT,,Marcelo Bretas,
817,2018,Operação Tira Teima,PT,,Marcelo Bretas,
818,2018,Operação Garabulha,PT,,Marcelo Bretas,
819,2018,"Operação Encilhamento, segunda fase da Operação Papel Fantasma",PT,,Marcelo Bretas,
820,2018,"Operação Rizoma, desdobramento da Operação Lava Jato no Rio de Janeiro ",PT,,Marcelo Bretas,
821,2018,"Operação Apate, contra fraudes na Lei Rouanet",PT,,Marcelo Bretas,
822,2018,Operação Prato Feito,PT,,Marcelo Bretas,
823,2018,"Operação Déjà vu, 51ª fase da Operação Lava Jato",PT,,Marcelo Bretas,
824,2018,Operação Luz en la Infância,PT,,Marcelo Bretas,
825,2018,Operação Aquiles,PT,,Marcelo Bretas,
826,2018,Operação Operação Anzol Sem Ponta,PT,,Marcelo Bretas,
827,2018,"Operação Greenwich, 52ª fase da Operação Lava Jato",PT,,Marcelo Bretas,
828,2018,Operação Laços de Família,PT,,Marcelo Bretas,
829,2018,Operação Registro Espúrio,PT,,Marcelo Bretas,
830,2018,Operação Line Up,PT,,Marcelo Bretas,
831,2018,Operação Ressonância,PT,,Marcelo Bretas,
832,2018,Operação Canário Pistola,PT,,Marcelo Bretas,
833,2018,Operação Golpes Master,PT,,Marcelo Bretas,
834,2018,Operação Rosa dos Ventos,PT,,Marcelo Bretas,
835,2018,"Operação Piloto, 53ª fase da Operação Lava Jato",PT,,Marcelo Bretas,
836,2018,Operação Vícios II,PT,,Marcelo Bretas,
837,2018,Operação Ghost Writer,PT,,Marcelo Bretas,
838,2018,Operação Fake Money,PT,,Marcelo Bretas,
839,2018,Operação Vostok,PT,,Marcelo Bretas,
840,2018,"Operação Integração II, 55.ª fase da Operação Lava Jato",PT,,Marcelo Bretas,
841,2018,Operação Cash Delivery,PT,,Marcelo Bretas,
842,2018,Operação Dolos,PT,,Marcelo Bretas,
843,2018,Operação Olhos de Lince,PT,,Marcelo Bretas,
844,2018,Operação Bravata,PT,,Marcelo Bretas,
845,2018,Operação Furna da Onça,PT,,Marcelo Bretas,
846,2019,Operação Quinto Ano,PT,,Marcelo Bretas,
847,2019,"Operação Ad Infinitum, 60º fase da Operação Lava Jato",PT,,Marcelo Bretas,
848,2019,Operação Disfarces de Mamom,PT,,Marcelo Bretas,
849,2019,Operação Inter Fratrem,PT,,Marcelo Bretas,
850,2019,Operação Juntos e Shallow Now,PT,,Marcelo Bretas,
851,2019,Operação Escobar,PT,,Marcelo Bretas,
852,2019,Operação Tergiversação,PT,,Marcelo Bretas,
853,2019,Operação Octopus,PT,,Marcelo Bretas,
854,2019,Operação Alcatraz,PT,,Marcelo Bretas,
855,2019,Operação Rock City,PT,,Marcelo Bretas,
856,2019,Operação Chabu,PT,,Marcelo Bretas,
857,2019,Operação Lamanai2,PT,,Marcelo Bretas,
858,2020,Operação Último Lance,PT,,Marcelo Bretas,
859,2020,Operação Narcos,PT,,Marcelo Bretas,
860,2020,Operação Hórus,PT,,Marcelo Bretas,
861,2020,Operação Calvário,PT,,Marcelo Bretas,
862,2020,Operação Virus Infectio,PT,,Marcelo Bretas,
863,2020,Operação Mercadores do Caos,PT,,Marcelo Bretas,
864,2020,Operação Favorito,PT,,Marcelo Bretas,
865,2020,Operação Dispneia,PT,,Marcelo Bretas,
866,2020,Operação Placebo,PT,,Marcelo Bretas,
867,2020,Operação Para Bellum,PT,,Marcelo Bretas,
868,2020,Operação Probitas,PT,,Marcelo Bretas,
869,2020,Operação Fiat Lux,PT, Othon Luiz Pinheiro da Silva,Marcelo Bretas,Eletronuclear